Beskrivelse,CreationDate,Creator,EditDate,Editor,Navn_bekk,Navn_observatør,POINT_X,POINT_Y,Registreringsdato,x,y
"Antatt naturlig vandringshinder, Kjetil Flakke","april 12, 2016",oystein_aafk,"april 12, 2016",oystein_aafk,Blekestrandsbekken,,"497 228,44","6 489 800,522",,"148 312,883","6 505 655,935"
Naturlig stopp i henhold til lakseregistret. Reg. F.Kroglund,"april 12, 2016",oystein_aafk,"april 12, 2016",oystein_aafk,Fjelldalselva,,"458 377,045","6 455 257,39",,"106 464,964","6 474 662,503"
,"april 12, 2016",oystein_aafk,"april 12, 2016",oystein_aafk,Amtedalsbekken,,"469 153,736","6 460 805,302",,"117 713,489","6 479 236,914"
Lakseregistret angir stopp ved vei. Må sjekke om dette er naturlig eller menneskeskapt. reg F.Kroglund,"april 12, 2016",oystein_aafk,"april 12, 2016",oystein_aafk,Askedalsbekken,,"504 855,073","6 513 511,612",,"158 043,19","6 528 624,051"
Lakseregistret angir stopp her. Må sjekkes. F.Kroglund,"april 12, 2016",oystein_aafk,"april 12, 2016",oystein_aafk,Bossvikbekken,,"506 290,171","6 508 665,731",,"159 040,341","6 523 662,112"
Lakseregistret. Sjekk. Reg. F. Kroglund,"april 12, 2016",oystein_aafk,"april 12, 2016",oystein_aafk,Gjevingvassdraget,,"506 214,05","6 500 805,621",,"158 260,507","6 515 829,126"
Lakseregistret. Årsak till stopp må sjekkes. Reg; F.Kroglund,"april 12, 2016",oystein_aafk,"april 12, 2016",oystein_aafk,Glamslandsbekken,,"460 182,06","6 457 072,622",,"108 428,121","6 476 312,865"
Lakseregistret angir stopp her. Må sjekkes. Reg: F.Kroglund,"april 12, 2016",oystein_aafk,"april 12, 2016",oystein_aafk,Grimeelv.,,"465 169,071","6 460 217,503",,"113 685,072","6 479 005,998"
Lakseregistret. Reg: F.Kroglund,"april 12, 2016",oystein_aafk,"april 12, 2016",oystein_aafk,Holtvannsbekken,,"453 141,732","6 452 523,19",,"100 996,622","6 472 400,993"
Lakseregistret. Må sjekkes om de går lengre opp. Reg. F.Kroglund,"april 12, 2016",oystein_aafk,"april 12, 2016",oystein_aafk,Isefjærvassdraget,,"452 576,077","6 450 338,366",,"100 237,266","6 470 271,093"
Lakseregistret. Stopp må sjekkes. Reg: F.Kroglund,"april 12, 2016",oystein_aafk,"april 12, 2016",oystein_aafk,Kvernevatsbekken,,"510 475,639","6 504 045,485",,"162 801,097","6 518 679,025"
Lakseregistret. Punkt må sjekkes. Reg. F.Kroglund,"april 12, 2016",oystein_aafk,"april 12, 2016",oystein_aafk,Landvikbekken,,"472 273,966","6 467 060,046",,"121 385,124","6 485 199,245"
Lakseregistret. Punkt må sjekkes. Reg. F.Kroglund,"april 12, 2016",oystein_aafk,"april 12, 2016",oystein_aafk,Tyssekilbekken,,"468 192,256","6 462 251,9",,"116 883,229","6 480 766,142"
Lakseregistret. Punkt må sjekkes. Reg. F.Kroglund,"april 12, 2016",oystein_aafk,"april 12, 2016",oystein_aafk,Landvikvassdraget,,"467 633,032","6 467 849,914",,"116 825,021","6 486 401,779"
Lakseregistret. Punkt må sjekkes. Reg. F.Kroglund,"april 12, 2016",oystein_aafk,"april 12, 2016",oystein_aafk,Langangsvassdraget,,"493 352,14","6 492 921,834",,"144 725,389","6 509 116,303"
Lakseregistret. Må sjekkes. Reg. F.Kroglund,"april 12, 2016",oystein_aafk,"april 12, 2016",oystein_aafk,Langebekken,,"454 976,994","6 451 534,234",,"102 739,899","6 471 250,384"
Lakseregistret. Må sjekkes. Reg. F.Kroglund,"april 12, 2016",oystein_aafk,"april 12, 2016",oystein_aafk,Lindtveitbekken,,"468 643,986","6 459 491,486",,"117 087,62","6 477 971,475"
Ikke angitt i Lakseregistret. Må sjekkes. F Kroglund,"april 12, 2016",oystein_aafk,"april 12, 2016",oystein_aafk,Moelva,,"456 465,917","6 461 021,337",,"105 072,206","6 480 584,902"
Lakseregistret. må sjekkes. reg. F.Kroglund,"april 12, 2016",oystein_aafk,"april 12, 2016",oystein_aafk,Morvikbekken,,"473 535,281","6 464 647,746",,"122 428,246","6 482 679,745"
Lakseregistret. må sjekkes. reg. F.Kroglund,"april 12, 2016",oystein_aafk,"april 12, 2016",oystein_aafk,Moisanden,,"478 977,012","6 468 078,736",,"128 163,928","6 485 617,122"
Lakseregistret. Punkt må sjekkes. Reg. F.Kroglund,"april 12, 2016",oystein_aafk,"april 12, 2016",oystein_aafk,Mørfjærbekken,,"490 448,789","6 485 216,816",,"141 139,947","6 501 689,765"
Lakseregistret. Sjekk punkt. Reg. F.Kroglund,"april 12, 2016",oystein_aafk,"april 12, 2016",oystein_aafk,Steindalsbekken,,"454 784,95","6 454 576,361",,"102 819,605","6 474 303,351"
Lakseregistret. Punkt må sjekkes. Reg. F.Kroglund,"april 12, 2016",oystein_aafk,"april 12, 2016",oystein_aafk,Vallesværelva,,"454 729,432","6 455 983,23",,"102 889,719","6 475 712,26"
Lakseregistret. Reg. F.Kroglund,"april 12, 2016",oystein_aafk,"april 12, 2016",oystein_aafk,Strengselva,,"491 537,456","6 494 143,244",,"143 024,446","6 510 497,1"
Lakseregistret. Sjekk. Reg. F.Kroglund,"april 12, 2016",oystein_aafk,"april 12, 2016",oystein_aafk,Storelva,,"489 960,605","6 497 173,928",,"141 722,693","6 513 661,523"
Lakseregistret. Sjekk. Reg. F.Kroglund,"april 12, 2016",oystein_aafk,"april 12, 2016",oystein_aafk,Storelva,,"490 126,216","6 505 743,842",,"142 655,351","6 522 195,676"
Foss,"april 12, 2016",oystein_aafk,"april 12, 2016",oystein_aafk,Skjerka,,"496 314,111","6 501 417,698",,"148 440,477","6 517 326,01"
Lakseregistret. Sjekk. Reg. F.Kroglund,"april 12, 2016",oystein_aafk,"april 12, 2016",oystein_aafk,Ånavassdraget,,"450 657,567","6 447 464,019",,"98 066,356","6 467 573,66"
Vandringshinder v/foss. Kulturminner i fossen.,"april 12, 2016",oystein_aafk,"april 12, 2016",oystein_aafk,Vesbekken,,"447 647,781","6 452 021,362",,"95 469,053","6 472 390,238"
Yngel observert ca. 50 m ovenfor Borgevn,"april 12, 2016",oystein_aafk,"april 12, 2016",oystein_aafk,Bøensbekk/Dalebekken,,"446 872,52","6 453 576,223",,"94 834,051","6 474 011,145"
Vandringshinder m. foss/blokk,"april 12, 2016",oystein_aafk,"april 12, 2016",oystein_aafk,Kålbekk,,"449 173,453","6 454 439,411",,"97 207,369","6 474 667,313"
,"april 12, 2016",oystein_aafk,"april 12, 2016",oystein_aafk,Prestebekk,,"448 116,342","6 454 468,516",,"96 154,986","6 474 790,675"
,"april 12, 2016",oystein_aafk,"april 12, 2016",oystein_aafk,Buestadbekk,,"448 929,567","6 455 662,344",,"97 073,092","6 475 909,534"
,"april 12, 2016",oystein_aafk,"april 12, 2016",oystein_aafk,Bjorvannsbekken,,"451 084,482","6 459 826,267",,"99 595,238","6 479 872,67"
,"april 12, 2016",oystein_aafk,"april 12, 2016",oystein_aafk,Bøensbekk/Dalebekken,,"446 916,557","6 453 847,262",,"94 902,182","6 474 277,713"
,"april 12, 2016",oystein_aafk,"april 12, 2016",oystein_aafk,Bøensbekk/Dalebekken,,"446 842,428","6 453 119,525",,"94 763,275","6 473 558,045"
,"april 12, 2016",oystein_aafk,"april 12, 2016",oystein_aafk,Sannerdalsbekken,,"452 368,033","6 460 659,908",,"100 950,569","6 480 590,023"
,"april 12, 2016",oystein_aafk,"april 12, 2016",oystein_aafk,Bjorhusbekken,,"450 986,592","6 462 972,854",,"99 778,462","6 483 021,549"
,"april 12, 2016",oystein_aafk,"april 12, 2016",oystein_aafk,Kvernhusbekken,,"451 944,575","6 463 970,615",,"100 823,569","6 483 931,717"
,"april 12, 2016",oystein_aafk,"april 12, 2016",oystein_aafk,Monebekken,,"452 289,997","6 465 117,726",,"101 270,715","6 485 045,615"
,"april 12, 2016",oystein_aafk,"april 12, 2016",oystein_aafk,Flakkelva,,"453 482,095","6 466 410,221",,"102 575,775","6 486 228,966"
,"april 12, 2016",oystein_aafk,"april 12, 2016",oystein_aafk,Hagestadbekken,,"456 024,356","6 469 154,771",,"105 357,874","6 488 740,694"
,"april 12, 2016",oystein_aafk,"april 12, 2016",oystein_aafk,Åmlibekken,,"461 075,509","6 480 034,182",,"111 370,597","6 499 145,44"
,"april 12, 2016",oystein_aafk,"april 12, 2016",oystein_aafk,Lillebekken,,"460 327,026","6 479 687,37",,"110 592,72","6 498 866,304"
,"april 12, 2016",oystein_aafk,"april 12, 2016",oystein_aafk,Ålekjerrbekken,,"460 050,323","6 487 832,064",,"111 045,159","6 507 018,133"
,"april 12, 2016",oystein_aafk,"april 12, 2016",oystein_aafk,Knarrestadbekk,,"449 478,107","6 455 709,732",,"97 624,75","6 475 907,881"
,"april 12, 2016",oystein_aafk,"april 12, 2016",oystein_aafk,Knarrestadbekk,,"449 533,464","6 455 476,073",,"97 659,145","6 475 669,755"
,"april 12, 2016",oystein_aafk,"april 12, 2016",oystein_aafk,Tovdalselva,,"464 852,871","6 493 886,874",,"116 379,115","6 512 629,806"
,"april 12, 2016",oystein_aafk,"april 12, 2016",oystein_aafk,,,"490 037,074","6 482 622,09",,"140 497,249","6 499 138,119"
Foss,"april 12, 2016",oystein_aafk,"april 12, 2016",oystein_aafk,,,"490 052,525","6 482 571,756",,"140 508,163","6 499 086,525"
,"april 12, 2016",oystein_aafk,"april 12, 2016",oystein_aafk,,,"498 813,052","6 488 927,669",,"149 815,481","6 504 643,532"
"Mulig for bratt å forsere fjell. Opp til denne fossen observerte vi masse flott yngel, men ingen på oversiden(ca 50m) vandringshinder bør utbedres. Kjetil Flakke","april 12, 2016",oystein_aafk,"april 12, 2016",oystein_aafk,Mollandsbekken,,"473 350,227","6 463 790,492",,"122 167,086","6 481 840,933"
"3-4 meter foss/fall, ikke Passerbart, Kjetil Flakke","april 12, 2016",oystein_aafk,"april 12, 2016",oystein_aafk,Morvigabekken,,"473 702,326","6 463 287,573",,"122 473,505","6 481 307,715"
"Bratt fjell/foss, ufarbar, krever endel innsats å utbedre, Kjetil Flakke","april 12, 2016",oystein_aafk,"april 12, 2016",oystein_aafk,"Krømpebekken, Kjetil Flakke",,"471 305,323","6 461 398,258",,"119 913,235","6 479 636,547"
,"april 12, 2016",oystein_aafk,"april 12, 2016",oystein_aafk,Kleivsetelva,,"422 045,205","6 440 274,566",,"68 867,262","6 462 948,65"
,"april 12, 2016",oystein_aafk,"april 12, 2016",oystein_aafk,Harkmarksbekken,,"418 246,828","6 438 583,511",,"64 924,787","6 461 599,143"
Mulig den kan gå lengre,"april 12, 2016",oystein_aafk,"april 12, 2016",oystein_aafk,,,"413 077,378","6 431 256,339",,"59 111,218","6 454 745,098"
,"april 12, 2016",oystein_aafk,"april 12, 2016",oystein_aafk,,,"412 499,833","6 428 535,994",,"58 292,331","6 452 080,739"
,"april 12, 2016",oystein_aafk,"april 12, 2016",oystein_aafk,,,"412 104,844","6 433 022,088",,"58 297,623","6 456 594,539"
,"april 12, 2016",oystein_aafk,"april 12, 2016",oystein_aafk,,,"405 999,169","6 435 188,904",,"52 395,088","6 459 301,894"
,"april 12, 2016",oystein_aafk,"april 12, 2016",oystein_aafk,,,"404 972,11","6 436 051,255",,"51 446,555","6 460 254,396"
,"april 12, 2016",oystein_aafk,"april 12, 2016",oystein_aafk,,,"406 817,16","6 437 083,912",,"53 380,663","6 461 120,908"
,"april 12, 2016",oystein_aafk,"april 12, 2016",oystein_aafk,,,"469 925,173","6 460 739,945",,"118 477,392","6 479 102,858"
,"april 12, 2016",oystein_aafk,"april 12, 2016",oystein_aafk,,,"415 216,652","6 436 323,319",,"61 698,363","6 459 612,909"
,"april 12, 2016",oystein_aafk,"april 12, 2016",oystein_aafk,,,"415 413,183","6 437 476,542",,"61 997,342","6 460 746,651"
,"april 12, 2016",oystein_aafk,"april 12, 2016",oystein_aafk,,,"413 373,716","6 434 114,747",,"59 661,728","6 457 572,306"
,"april 12, 2016",oystein_aafk,"april 12, 2016",oystein_aafk,,,"413 708,333","6 434 968,196",,"60 071,833","6 458 394,501"
,"april 12, 2016",oystein_aafk,"april 12, 2016",oystein_aafk,,,"406 569,704","6 433 582,965",,"52 821,574","6 457 647,713"
endret sted i hht JH Simonsen 1999,"april 12, 2016",oystein_aafk,"april 12, 2016",oystein_aafk,Hammerbekken,,"502 784,843","6 508 981,912",,"155 572,368","6 524 291,526"
Diffust område -forvaltninggrense fastsatt,"april 12, 2016",oystein_aafk,"april 12, 2016",oystein_aafk,Sukkevannsbekken,Fylkesmannen i Vest-Agder,,,2006-08-15 00:00:00,"93 450,499","6 465 190,819"
Diffust område -forvaltninggrense fastsatt. fisk er observert ovenfor vanskelig stryk etter tilrettelegging for passering.,"april 12, 2016",oystein_aafk,"februar 9, 2018",OKRI,Fivannsbekken,"Fylkesmannen i Vest-Agder, Bengt Daatland",,,2006-08-18 00:00:00,"95 452,416","6 467 176,616"
Foss,"april 12, 2016",oystein_aafk,"april 12, 2016",oystein_aafk,Drangebekken,Fylkesmannen i Vest-Agder,,,2016-02-25 00:00:00,"96 727,159","6 466 137,023"
Foss,"april 12, 2016",oystein_aafk,"april 12, 2016",oystein_aafk,Timenesbekken,Fylkesmannen i Vest-Agder,,,2016-02-25 00:00:00,"94 918,9","6 468 642,841"
Foss/stryk,"april 12, 2016",oystein_aafk,"april 12, 2016",oystein_aafk,Lundebekken,"Fylkesmannen i Vest-Agder, Tellefsen 2003 (rapport fra Laxefiskelaget)",,,2016-02-26 00:00:00,"87 713,742","6 478 146,774"
Foss/stryk,"april 12, 2016",oystein_aafk,"april 12, 2016",oystein_aafk,Sagebekken,"Fylkesmannen i Vest-Agder, Tellefsen 2003 (rapport fra Laxefiskelaget)",,,2016-02-26 00:00:00,"85 716,614","6 475 367,045"
Foss/stryk,"april 12, 2016",oystein_aafk,"april 12, 2016",oystein_aafk,Rauåna,"Fylkesmannen i Vest-Agder, Tellefsen 2003 (rapport fra Laxefiskelaget)",,,2016-02-26 00:00:00,"86 623,919","6 478 297,995"
Foss/stryk,"april 12, 2016",oystein_aafk,"april 12, 2016",oystein_aafk,Kjeksebekken,"Fylkesmannen i Vest-Agder, Tellefsen 2003 (rapport fra Laxefiskelaget)",,,2016-02-26 00:00:00,"84 941,83","6 476 553,511"
Foss,"april 12, 2016",oystein_aafk,"april 12, 2016",oystein_aafk,Ålefjærbekken,Fylkesmannen i Vest-Agder,,,2006-08-15 00:00:00,"91 477,867","6 476 266,625"
Diffust område -forvaltninggrense fastsatt,"april 12, 2016",oystein_aafk,"april 12, 2016",oystein_aafk,Kostølbekken,Fylkesmannen i Vest-Agder,,,2016-02-25 00:00:00,"90 456,055","6 474 654,712"
Foss,"april 12, 2016",oystein_aafk,"april 12, 2016",oystein_aafk,Opsåsbekken,Fylkesmannen i Vest-Agder,,,2016-02-25 00:00:00,"90 788,274","6 475 939,502"
Foss,"april 12, 2016",oystein_aafk,"april 12, 2016",oystein_aafk,Bekk sør for Føreid,Fylkesmannen i Vest-Agder,,,2016-02-25 00:00:00,"91 731,549","6 473 070,664"
Foss,"april 12, 2016",oystein_aafk,"april 12, 2016",oystein_aafk,Kvernbekken,Fylkesmannen i Vest-Agder,,,2016-02-26 00:00:00,"84 389,638","6 463 457,176"
Foss,"april 12, 2016",oystein_aafk,"april 12, 2016",oystein_aafk,Eidsåna,"Fylkesmannen i Vest-Agder, H M Berger 2005",,,2016-02-29 00:00:00,"65 094,937","6 471 086,715"
Foss,"april 12, 2016",oystein_aafk,"april 12, 2016",oystein_aafk,Høyeåna,"Fylkesmannen i Vest-Agder, H M Berger 2005",,,2006-08-22 00:00:00,"64 578,296","6 472 135,455"
Foss/stryk,"april 12, 2016",oystein_aafk,"april 12, 2016",oystein_aafk,Lindlandsbekken,"Fylkesmannen i Vest-Agder, H M Berger 2005",,,2006-08-22 00:00:00,"60 048,053","6 460 609,061"
Foss/stryk,"april 12, 2016",oystein_aafk,"april 12, 2016",oystein_aafk,Sodelandsbekken,"Fylkesmannen i Vest-Agder, H M Berger 2005",,,2006-08-22 00:00:00,"57 884,025","6 460 472,189"
Foss/stryk,"april 12, 2016",oystein_aafk,"april 12, 2016",oystein_aafk,Hjortelandsbekken,"Fylkesmannen i Vest-Agder, H M Berger 2005",,,2016-02-29 00:00:00,"57 227,944","6 458 480,651"
Innsjø,"april 12, 2016",oystein_aafk,"april 12, 2016",oystein_aafk,Urdalsbekken,"Fylkesmannen i Vest-Agder, H M Berger 2005",,,2006-08-22 00:00:00,"58 366,576","6 461 437,266"
Foss,"april 12, 2016",oystein_aafk,"april 12, 2016",oystein_aafk,Torpsbekken,"Fylkesmannen i Vest-Agder, H M Berger 2005",,,2006-08-22 00:00:00,"59 640,995","6 462 245,439"
Foss/stryk,"april 12, 2016",oystein_aafk,"april 12, 2016",oystein_aafk,Nedre Bringsdalsbekken,"Fylkesmannen i Vest-Agder, H M Berger 2005",,,2006-08-22 00:00:00,"61 288,719","6 466 882,662"
Foss/stryk,"april 12, 2016",oystein_aafk,"april 12, 2016",oystein_aafk,Knardalsbekken,"Fylkesmannen i Vest-Agder, H M Berger 2005",,,2006-08-22 00:00:00,"61 156,4","6 465 575,629"
Foss/stryk,"april 12, 2016",oystein_aafk,"april 12, 2016",oystein_aafk,Gullbekken,"Sjøørretklubben i Mandal, Fylkesmannen i Vest-Agder 2007",,,2007-10-03 00:00:00,"58 619,038","6 464 188,388"
Foss/stryk,"april 12, 2016",oystein_aafk,"april 12, 2016",oystein_aafk,Kvednebekken,"Sjøørretklubben i Mandal, Fylkesmannen i Vest-Agder 2007",,,2007-10-03 00:00:00,"58 495,314","6 464 482,523"
Foss,"april 12, 2016",oystein_aafk,"april 12, 2016",oystein_aafk,Finnsåna,"Fylkesmannen i Vest-Agder, H M Berger 2005",,,2006-08-22 00:00:00,"61 504,745","6 476 621,537"
Foss/stryk,"april 12, 2016",oystein_aafk,"april 12, 2016",oystein_aafk,Mjålandsbekken,"Fylkesmannen i Vest-Agder, H M Berger 2005",,,2006-08-22 00:00:00,"61 299,04","6 479 969,54"
Foss,"april 12, 2016",oystein_aafk,"april 12, 2016",oystein_aafk,Bekk v/Salthaugbukta,"Alf Friestad, Fylkesmannen i Vest-Agder 2006",,,2016-02-29 00:00:00,"23 484,137","6 479 247,754"
Foss/stryk,"april 12, 2016",oystein_aafk,"april 12, 2016",oystein_aafk,Songåna,"Fylkesmannen i Vest-Agder, H M Berger 2005",,,2006-08-22 00:00:00,"60 433,841","6 477 847,881"
Foss/stryk,"april 12, 2016",oystein_aafk,"april 12, 2016",oystein_aafk,"Sidebekk, Lågåna S","Fylkesmannen i Vest-Agder, H M Berger 2005",,,2016-02-29 00:00:00,"59 914,226","6 480 684,28"
Foss,"april 12, 2016",oystein_aafk,"april 12, 2016",oystein_aafk,Kosåna,Fylkesmannen i Vest-Agder,,,2007-07-02 00:00:00,"65 481,852","6 501 452,572"
Foss/stryk,"april 12, 2016",oystein_aafk,"april 12, 2016",oystein_aafk,Hessåbekken,"Fylkesmannen i Vest-Agder, H M Berger 2005",,,2016-02-29 00:00:00,"61 985,995","6 492 815,417"
Foss,"april 12, 2016",oystein_aafk,"april 12, 2016",oystein_aafk,Mandalselva,Fylkesmannen i Vest-Agder,,,2007-06-29 00:00:00,"64 359,411","6 500 790,265"
Foss/stryk,"april 12, 2016",oystein_aafk,"april 12, 2016",oystein_aafk,Kleplandsbekken,"Audun Abrahamsen, Fylkesmannen i Vest-Agder 2006",,,2007-01-05 00:00:00,"77 543,77","6 463 509,44"
Foss,"april 12, 2016",oystein_aafk,"april 12, 2016",oystein_aafk,Sagebekken,"Audun Abrahamsen, Fylkesmannen i Vest-Agder 2006",,,2007-01-05 00:00:00,"76 896,1","6 471 097,733"
Foss,"april 12, 2016",oystein_aafk,"april 12, 2016",oystein_aafk,Songdalselva,Fylkesmannen i Vest-Agder,,,2006-08-15 00:00:00,"75 590,713","6 476 716,591"
Foss/stryk,"april 12, 2016",oystein_aafk,"april 12, 2016",oystein_aafk,Dåsåna,"Paal M Kristensen, Lundeelva elveeierlag, FM i V-A.",,,2006-11-13 00:00:00,"71 144,005","6 463 577,439"
Foss,"april 12, 2016",oystein_aafk,"april 12, 2016",oystein_aafk,Føssa,"Lundeelva elveeierlag, Fylkesmannen i Vest-Agder",,,2006-11-13 00:00:00,"76 097,653","6 462 489,902"
Foss/stryk,"april 12, 2016",oystein_aafk,"april 12, 2016",oystein_aafk,Tangvallbekken,"Lundeelva elveeierlag, Fylkesmannen i Vest-Agder",,,2006-11-13 00:00:00,"76 515,224","6 462 254,654"
Foss,"april 12, 2016",oystein_aafk,"april 12, 2016",oystein_aafk,Kleivsetelva,Fylkesmannen i Vest-Agder,,,2006-08-15 00:00:00,"68 821,574","6 462 937,254"
Foss/stryk,"april 12, 2016",oystein_aafk,"april 12, 2016",oystein_aafk,Knibebekken,"Audun Abrahamsen, Fylkesmannen i Vest-Agder 2006",,,2007-01-05 00:00:00,"69 793,265","6 461 941,548"
Foss/stryk,"april 12, 2016",oystein_aafk,"april 12, 2016",oystein_aafk,Røyrkjerrbekken,"Audun Abrahamsen, Fylkesmannen i Vest-Agder 2006",,,2007-01-05 00:00:00,"70 383,314","6 461 241,161"
Foss/stryk,"april 12, 2016",oystein_aafk,"april 12, 2016",oystein_aafk,Trybekken,"Audun Abrahamsen, Fylkesmannen i Vest-Agder 2006",,,2007-01-05 00:00:00,"67 263,609","6 464 457,347"
Foss,"april 12, 2016",oystein_aafk,"april 12, 2016",oystein_aafk,Suvatnebekken,Fylkesmannen i Vest-Agder,,,2016-02-29 00:00:00,"64 944,126","6 461 630,691"
Foss/stryk,"april 12, 2016",oystein_aafk,"april 12, 2016",oystein_aafk,Bekk v/Jåbekk,Mandal kommune/sjøørretklubben 2008,,,2008-08-11 00:00:00,"58 279,869","6 456 608,191"
Diffust område -forvaltninggrense fastsatt,"april 12, 2016",oystein_aafk,"april 12, 2016",oystein_aafk,Jåbekkvassdraget v/ Aurebekk,Mandal kommune/sjøørretklubben 2008,,,2008-08-11 00:00:00,"60 152,98","6 458 487,445"
Foss/stryk,"april 12, 2016",oystein_aafk,"april 12, 2016",oystein_aafk,Bekk v/Kige,"K. Bringsdal, E. Vegge 2011",,,2011-10-11 00:00:00,"59 048,791","6 455 117,226"
Foss/stryk,"april 12, 2016",oystein_aafk,"april 12, 2016",oystein_aafk,Bekk v/Regevik,"K. Bringsdal, E. Vegge 2011",,,2016-02-22 00:00:00,"57 116,022","6 455 920,243"
Innsjø,"april 12, 2016",oystein_aafk,"april 12, 2016",oystein_aafk,Rægebekken,Mandal kommune/sjøørretklubben 2008,,,2008-08-11 00:00:00,"48 990,844","6 460 396,949"
Innsjø,"april 12, 2016",oystein_aafk,"april 12, 2016",oystein_aafk,Bekk til Rødlandstjønna,Mandal kommune/sjøørretklubben 2008,,,2008-08-11 00:00:00,"50 424,067","6 459 448,266"
Foss/stryk,"april 12, 2016",oystein_aafk,"april 12, 2016",oystein_aafk,Kilsbekken,Fylkesmannen i Vest-Agder,,,2006-08-21 00:00:00,"49 357,002","6 462 675,038"
Innsjø (ikke hinder),"april 12, 2016",oystein_aafk,"april 12, 2016",oystein_aafk,Audna,Direktoratet for naturforvaltning,,,2006-08-15 00:00:00,"53 448,74","6 490 171,499"
Foss,"april 12, 2016",oystein_aafk,"april 12, 2016",oystein_aafk,Bekk v/Kvennevika,"Alf Friestad, Fylkesmannen i Vest-Agder 2006",,,2016-02-29 00:00:00,"22 985,656","6 478 712,488"
Foss/stryk,"april 12, 2016",oystein_aafk,"april 12, 2016",oystein_aafk,Bekk fra Møskelandsheia,"Roger Blindingsvolden, Fylkesmannen i Vest-Agder 2007",,,2016-02-29 00:00:00,"33 493,762","6 474 221,488"
Foss/stryk,"april 12, 2016",oystein_aafk,"april 12, 2016",oystein_aafk,Møska,"Fylkesmannen i Vest-Agder, K. Benestvedt",,,2006-08-23 00:00:00,"34 003,448","6 475 702,247"
Foss/stryk,"april 12, 2016",oystein_aafk,"april 12, 2016",oystein_aafk,Hommabekken,"Roger Blindingsvolden, Fylkesmannen i Vest-Agder 2007",,,2016-02-29 00:00:00,"34 123,252","6 474 920,081"
Foss/stryk,"april 12, 2016",oystein_aafk,"april 12, 2016",oystein_aafk,Bekk ved Herdal,"Roger Blindingsvolden, Fylkesmannen i Vest-Agder 2007",,,2016-02-29 00:00:00,"37 619,966","6 473 162,525"
Foss,"april 12, 2016",oystein_aafk,"april 12, 2016",oystein_aafk,Litleåna,Fylkesmannen i Vest-Agder,,,2016-02-29 00:00:00,"40 401,442","6 473 697,152"
Foss,"april 12, 2016",oystein_aafk,"april 12, 2016",oystein_aafk,Markelandsbekken,"Fylkesmannen i Vest-Agder, befart av E Vegge 2006",,,2006-08-23 00:00:00,"41 512,206","6 482 024,136"
Foss/stryk,"april 12, 2016",oystein_aafk,"april 12, 2016",oystein_aafk,Rudjordsbekken,"Fylkesmannen i Vest-Agder, befart av E Vegge 2006",,,2016-02-29 00:00:00,"39 114,685","6 479 694,05"
Foss/stryk,"april 12, 2016",oystein_aafk,"april 12, 2016",oystein_aafk,Stangebekken,"Fylkesmannen i Vest-Agder, befart av E Vegge 2006",,,2016-02-29 00:00:00,"38 945,4","6 479 346,006"
Foss/stryk,"april 12, 2016",oystein_aafk,"april 12, 2016",oystein_aafk,Kvennbekken,"Fylkesmannen i Vest-Agder, befart av E Vegge 2006",,,2006-08-23 00:00:00,"40 352,687","6 480 829,066"
Foss/stryk,"april 12, 2016",oystein_aafk,"april 12, 2016",oystein_aafk,Moisbekken,"Fylkesmannen i Vest-Agder, befart av E Vegge 2006",,,2006-08-23 00:00:00,"42 111,105","6 482 423,36"
Foss/stryk,"april 12, 2016",oystein_aafk,"april 12, 2016",oystein_aafk,Kvåsbekken,Fylkesmannen i Vest-Agder,,,2006-08-23 00:00:00,"43 500,049","6 484 320,422"
Foss/stryk,"april 12, 2016",oystein_aafk,"april 12, 2016",oystein_aafk,Veggebekken,"Fylkesmannen i Vest-Agder, befart av E Vegge 2006",,,2016-02-29 00:00:00,"38 708,993","6 479 732,951"
Foss/stryk,"april 12, 2016",oystein_aafk,"april 12, 2016",oystein_aafk,Sagebekken,Fylkesmannen i Vest-Agder,,,2006-08-23 00:00:00,"38 246,079","6 479 195,405"
Foss/stryk,"april 12, 2016",oystein_aafk,"april 12, 2016",oystein_aafk,Bekk på vestsiden nedenfor Kvelland,"Roger Blindingsvolden, Fylkesmannen i Vest-Agder 2007",,,2016-02-29 00:00:00,"35 283,972","6 475 374,559"
Foss/stryk,"april 12, 2016",oystein_aafk,"april 12, 2016",oystein_aafk,Kleivebekken,"Fylkesmannen i Vest-Agder, befart av E Vegge 2006",,,2006-08-23 00:00:00,"40 284,253","6 481 654,216"
Foss,"april 12, 2016",oystein_aafk,"april 12, 2016",oystein_aafk,Lygna - naturlig vandringshinder,Fylkesmannen i Vest-Agder,,,2006-08-15 00:00:00,"42 402,159","6 484 743,829"
Foss/stryk,"april 12, 2016",oystein_aafk,"april 12, 2016",oystein_aafk,"Kvislå, Rauskårbekken","Fylkesmannen i Vest-Agder, befart av E Vegge 2006",,,2006-08-23 00:00:00,"40 820,334","6 482 259,908"
Foss,"april 12, 2016",oystein_aafk,"april 12, 2016",oystein_aafk,Osestadbekken,"Roger Blindingsvolden, Fylkesmannen i Vest-Agder 2007",,,2007-05-04 00:00:00,"40 644,396","6 467 963,404"
Foss/stryk,"april 12, 2016",oystein_aafk,"april 12, 2016",oystein_aafk,Bekk Lene Ø,Jøren O Ousdal 2004. Fiskeundersøkelser i forbindelse med ny vei.,,,2016-02-29 00:00:00,"40 487,974","6 470 355,416"
Foss/stryk,"april 12, 2016",oystein_aafk,"april 12, 2016",oystein_aafk,Auglandsbekken,"Roger Blindingsvolden, Fylkesmannen i Vest-Agder 2007",,,2007-05-04 00:00:00,"38 932,666","6 467 751,049"
Foss/stryk,"april 12, 2016",oystein_aafk,"april 12, 2016",oystein_aafk,Bekk Lene N,Jøren O Ousdal 2004. Fiskeundersøkelser i forbindelse med ny vei.,,,2006-11-13 00:00:00,"40 153,617","6 470 640,408"
Foss/stryk,"april 12, 2016",oystein_aafk,"april 12, 2016",oystein_aafk,Epledalsbekken,"Gordon Gyland, Fylkesmannen i Vest-Agder 2007",,,2007-02-02 00:00:00,"32 566,689","6 463 449,801"
Foss/stryk,"april 12, 2016",oystein_aafk,"april 12, 2016",oystein_aafk,Bekk Skråvika (Hovda),"Gordon Gyland, Fylkesmannen i Vest-Agder 2007",,,2007-02-02 00:00:00,"34 376,936","6 464 576,969"
Foss/stryk,"april 12, 2016",oystein_aafk,"april 12, 2016",oystein_aafk,Gitlevågbekken,"Gordon Gyland, Fylkesmannen i Vest-Agder 2007",,,2007-02-02 00:00:00,"34 982,454","6 465 855,285"
Foss/stryk,"april 12, 2016",oystein_aafk,"april 12, 2016",oystein_aafk,Austadbekken,"Roger Blindingsvolden, Fylkesmannen i Vest-Agder 2007",,,2007-05-04 00:00:00,"33 741,639","6 468 351,657"
Foss,"april 12, 2016",oystein_aafk,"april 12, 2016",oystein_aafk,Bjørnevågbekken,"Alf Friestad, Fylkesmannen i Vest-Agder 2006",,,2016-02-29 00:00:00,"27 476,543","6 466 087,375"
Innsjø,"april 12, 2016",oystein_aafk,"april 12, 2016",oystein_aafk,Lyngsvågbekken,"Alf Friestad, Fylkesmannen i Vest-Agder 2006",,,2007-01-05 00:00:00,"26 454,436","6 465 162,77"
Innsjø,"april 12, 2016",oystein_aafk,"april 12, 2016",oystein_aafk,Bekk v/Nordskog,"Alf Friestad, Fylkesmannen i Vest-Agder 2006",,,2016-02-29 00:00:00,"26 967,218","6 468 717,587"
Foss,"april 12, 2016",oystein_aafk,"april 12, 2016",oystein_aafk,Spindangerbekken,"Alf Friestad, Fylkesmannen i Vest-Agder 2006",,,2007-01-05 00:00:00,"25 280,735","6 468 157,039"
Foss,"april 12, 2016",oystein_aafk,"april 12, 2016",oystein_aafk,Reisvågbekken,"Alf Friestad, Fylkesmannen i Vest-Agder 2006",,,2007-01-05 00:00:00,"23 226,984","6 466 896,175"
Innsjø,"april 12, 2016",oystein_aafk,"april 12, 2016",oystein_aafk,Sævikbekken,"Alf Friestad, Fylkesmannen i Vest-Agder 2006",,,2007-01-05 00:00:00,"21 848,353","6 468 739,643"
Foss/stryk,"april 12, 2016",oystein_aafk,"april 12, 2016",oystein_aafk,Bekk S for Dragland,"Roger Blindingsvolden, Fylkesmannen i Vest-Agder 2007",,,2016-02-29 00:00:00,"31 352,801","6 475 864,388"
Foss/stryk,"april 12, 2016",oystein_aafk,"april 12, 2016",oystein_aafk,Skurvåna,"Roger Blindingsvolden, Fylkesmannen i Vest-Agder 2007",,,2007-07-02 00:00:00,"30 958,452","6 476 725,995"
Foss/stryk,"april 12, 2016",oystein_aafk,"april 12, 2016",oystein_aafk,Egilstabekken,"Roger Blindingsvolden, Fylkesmannen i Vest-Agder 2007",,,2016-02-29 00:00:00,"31 119,102","6 474 887,367"
Foss/stryk,"april 12, 2016",oystein_aafk,"april 12, 2016",oystein_aafk,Bekk fra Bjerge,"Roger Blindingsvolden, Fylkesmannen i Vest-Agder 2007",,,2016-02-29 00:00:00,"31 569,06","6 473 511,99"
Liten vassføring,"april 12, 2016",oystein_aafk,"april 12, 2016",oystein_aafk,Bekk N for Dragland,"Roger Blindingsvolden, Fylkesmannen i Vest-Agder 2007",,,2007-05-04 00:00:00,"31 077,454","6 476 253,86"
Foss,"april 12, 2016",oystein_aafk,"april 12, 2016",oystein_aafk,Strupåna,"Alf Friestad, Fylkesmannen i Vest-Agder",,,2007-01-05 00:00:00,"18 563,335","6 479 535,035"
Foss,"april 12, 2016",oystein_aafk,"april 12, 2016",oystein_aafk,Drangeåna,"Roger Blindingsvolden, Fylkesmannen i Vest-Agder 2007",,,2007-05-04 00:00:00,"23 611,893","6 479 898,892"
Foss,"april 12, 2016",oystein_aafk,"april 12, 2016",oystein_aafk,Tosåsbekken,"Alf Friestad, Fylkesmannen i Vest-Agder 2006",,,2007-01-05 00:00:00,"19 903,744","6 478 854,028"
Foss/stryk,"april 12, 2016",oystein_aafk,"april 12, 2016",oystein_aafk,Bekk ved Skoftevika,"K. Bringsdal, E. Vegge 2011",,,2011-10-11 00:00:00,"41 239,597","6 459 805,967"
Foss/stryk,"april 12, 2016",oystein_aafk,"april 12, 2016",oystein_aafk,Sandebekken,"Roger Blindingsvolden, Fylkesmannen i Vest-Agder 2007",,,2007-05-04 00:00:00,"17 727,844","6 475 309,878"
Foss/stryk,"april 12, 2016",oystein_aafk,"april 12, 2016",oystein_aafk,Eitlandsbekken,"Alf Friestad, Fylkesmannen i Vest-Agder 2006",,,2007-01-05 00:00:00,"13 327,636","6 473 154,55"
Innsjø,"april 12, 2016",oystein_aafk,"april 12, 2016",oystein_aafk,Frestadbekken,"Alf Friestad, Fylkesmannen i Vest-Agder 2006",,,2007-01-05 00:00:00,"13 537,848","6 472 465,12"
Innsjø,"april 12, 2016",oystein_aafk,"april 12, 2016",oystein_aafk,Helvikbekken,"Alf Friestad, Fylkesmannen i Vest-Agder 2006",,,2007-01-05 00:00:00,"13 083,845","6 471 669,634"
Foss,"april 12, 2016",oystein_aafk,"april 12, 2016",oystein_aafk,Litleåna,Fylkesmannen i Vest-Agder,,,2006-08-15 00:00:00,"31 018,321","6 492 707,091"
Foss/stryk,"april 12, 2016",oystein_aafk,"april 12, 2016",oystein_aafk,Slimestadbekken,"Kvinesdal JFF, Alf Magne Midtbø 2008",,,2008-08-26 00:00:00,"27 526,476","6 491 200,805"
Foss/stryk,"april 12, 2016",oystein_aafk,"april 12, 2016",oystein_aafk,Røydlandsbekken,"Kvinesdal JFF, Alf Magne Midtbø 2008",,,2016-03-01 00:00:00,"30 066,304","6 491 479,327"
Foss/stryk,"april 12, 2016",oystein_aafk,"april 12, 2016",oystein_aafk,Valleknuten,"Kvinesdal JFF, Alf Magne Midtbø 2008",,,2008-08-26 00:00:00,"27 937,003","6 491 467,545"
Foss/stryk,"april 12, 2016",oystein_aafk,"april 12, 2016",oystein_aafk,Nesbekken,"Fylkesmannen i Vest-Agder, Kviljo 1998, Kvinesdal JFF, A.M.Midtbø 2008",,,2008-08-26 00:00:00,"29 561,826","6 493 095,761"
Stryk,"april 12, 2016",oystein_aafk,"april 12, 2016",oystein_aafk,Bekk ved Remesvik,"K. Bringsdal, E. Vegge 2011",,,2011-10-11 00:00:00,"39 193,833","6 462 313,197"
Innsjø,"april 12, 2016",oystein_aafk,"april 12, 2016",oystein_aafk,Kolåsbekken,"Fylkesmannen i Vest-Agder, Kviljo 1998",,,2006-08-23 00:00:00,"29 825,508","6 494 939,351"
Foss (fisketrapp i Rafoss kraftverk),"april 12, 2016",oystein_aafk,"februar 27, 2024","Pål Alfred Larsen, Statsforvalteren i Agder",Kvina,Fylkesmannen i Vest-Agder,,,2006-08-15 00:00:00,"30 264,446","6 497 348,581"
Innsjø,"april 12, 2016",oystein_aafk,"april 12, 2016",oystein_aafk,Ellebekken,Fylkesmannen i Vest-Agder,,,2006-08-15 00:00:00,"10 777,354","6 478 207,447"
Innsjø,"april 12, 2016",oystein_aafk,"april 12, 2016",oystein_aafk,Barkelandsbekken,"Fylkesmannen i Vest-Agder, Kviljo 1998",,,2006-08-23 00:00:00,"19 870,805","6 488 875,297"
Foss,"april 12, 2016",oystein_aafk,"april 12, 2016",oystein_aafk,Fedaelva,Fylkesmannen i Vest-Agder,,,2006-08-15 00:00:00,"20 944,54","6 489 207,368"
Foss/stryk,"april 12, 2016",oystein_aafk,"april 12, 2016",oystein_aafk,Kleivebekken,"Kvinesdal JFF, Alf Magne Midtbø 2008",,,2016-03-01 00:00:00,"24 940,319","6 488 781,631"
Innsjø,"april 12, 2016",oystein_aafk,"april 12, 2016",oystein_aafk,Selurelva,"Flekkefjord JFF, Alf Magne Midtbø 2008",,,2008-08-26 00:00:00,"12 819,14","6 493 707,421"
Foss/stryk,"april 12, 2016",oystein_aafk,"april 12, 2016",oystein_aafk,Sidebekk N til Flikkabekken,"Flekkefjord JFF, Alf Magne Midtbø 2008",,,2008-08-26 00:00:00,"12 738,148","6 498 526,954"
Foss/stryk,"april 12, 2016",oystein_aafk,"april 12, 2016",oystein_aafk,Kvernebekken,"K. Bringsdal, E. Vegge 2011",,,2011-10-11 00:00:00,"65 471,732","6 456 864,606"
Foss/stryk,"april 12, 2016",oystein_aafk,"april 12, 2016",oystein_aafk,Bekk fra Osnesvannet,"K. Bringsdal, E. Vegge 2011",,,2011-10-11 00:00:00,"64 474,455","6 456 378,017"
Foss/stryk,"april 12, 2016",oystein_aafk,"april 12, 2016",oystein_aafk,Bekk i Bagstøvåg,"K. Bringsdal, E. Vegge 2011",,,2011-10-11 00:00:00,"58 030,177","6 451 854,117"
Foss/stryk,"april 12, 2016",oystein_aafk,"april 12, 2016",oystein_aafk,Bekk v/Kige,"K. Bringsdal, E. Vegge 2011",,,2011-10-11 00:00:00,"59 356,049","6 454 746,819"
Foss/stryk,"april 12, 2016",oystein_aafk,"april 12, 2016",oystein_aafk,Bekk v/Mønnesland,"K. Bringsdal, E. Vegge 2011",,,2011-10-11 00:00:00,"60 793,422","6 455 668,156"
Foss/stryk,"april 12, 2016",oystein_aafk,"april 12, 2016",oystein_aafk,Linadalsbekken,"K. Bringsdal, E. Vegge 2011",,,2011-10-11 00:00:00,"55 037,65","6 457 488,858"
Foss/stryk,"april 12, 2016",oystein_aafk,"april 12, 2016",oystein_aafk,Skjebstadbekken,"K. Bringsdal, E. Vegge 2011",,,2011-10-11 00:00:00,"52 683,184","6 457 711,113"
Stopper i Judetjønna,"april 12, 2016",oystein_aafk,"april 12, 2016",oystein_aafk,Fiskebekk,"K. Bringsdal, E. Vegge 2011",,,2011-10-11 00:00:00,"51 473,725","6 459 065,062"
Foss,"april 12, 2016",oystein_aafk,"april 12, 2016",oystein_aafk,Bekk v/Vestre Skogsfjord,"K. Bringsdal, E. Vegge 2011",,,2011-10-11 00:00:00,"52 383,626","6 459 230,832"
Foss,"april 12, 2016",oystein_aafk,"april 12, 2016",oystein_aafk,Bekk v/Frostestad,"K. Bringsdal, E. Vegge 2011",,,2011-10-11 00:00:00,"51 445,273","6 460 249,593"
Foss,"april 12, 2016",oystein_aafk,"april 12, 2016",oystein_aafk,Hegrestadbekken,"K. Bringsdal, E. Vegge 2011",,,2011-10-11 00:00:00,"50 542,734","6 460 700,632"
Foss/stryk,"april 12, 2016",oystein_aafk,"april 12, 2016",oystein_aafk,Bekk ved Snig,"K. Bringsdal, E. Vegge 2011",,,2011-10-11 00:00:00,"44 572,627","6 461 291,939"
Foss/stryk,"april 12, 2016",oystein_aafk,"april 12, 2016",oystein_aafk,"Bekk ved Snig, sidebekk S","K. Bringsdal, E. Vegge 2011",,,2016-02-29 00:00:00,"44 326,586","6 461 162,841"
Foss/stryk,"april 12, 2016",oystein_aafk,"april 12, 2016",oystein_aafk,Kålbekk,"A. M. Hope, Birkenes kommune 2008",,,2011-12-28 00:00:00,"97 195,879","6 474 656,165"
Foss/stryk,"april 12, 2016",oystein_aafk,"april 12, 2016",oystein_aafk,Sidebekk Knarrestadbekken,"A. M. Hope, Birkenes kommune 2008",,,2016-02-25 00:00:00,"97 659,419","6 475 629,656"
Foss/stryk,"april 12, 2016",oystein_aafk,"april 12, 2016",oystein_aafk,Buestadbekken,"A. M. Hope, Birkenes kommune 2008",,,2016-02-25 00:00:00,"97 088,702","6 475 890,351"
Foss/stryk,"april 12, 2016",oystein_aafk,"april 12, 2016",oystein_aafk,Bjorvannsbekken,"A. M. Hope, Birkenes kommune 2008",,,2016-02-25 00:00:00,"99 598,255","6 479 874,322"
Foss/stryk,"april 12, 2016",oystein_aafk,"april 12, 2016",oystein_aafk,Bøensbekken,"A. M. Hope, Birkenes kommune 2008",,,2011-12-28 00:00:00,"94 799,191","6 473 519,775"
Foss,"april 12, 2016",oystein_aafk,"april 12, 2016",oystein_aafk,Endepunkt Audna,Fylkesmannen i Vest-Agder,,,2016-02-29 00:00:00,"54 736,122","6 496 606,344"
Foss,"april 12, 2016",oystein_aafk,"april 12, 2016",oystein_aafk,Sira,Fylkesmannen i Vest-Agder,,,2016-03-01 00:00:00,"−288,38","6 493 440,514"
,"august 25, 2016",,"august 25, 2016",,,,,,,"39 318,55","6 466 010,39"
,"august 25, 2016",,"august 25, 2016",,,Roger Blindingsvolden,,,2016-08-25 00:00:00,"39 318,55","6 466 010,39"
Vandringshinder naturlig,"august 26, 2016",,"august 26, 2016",,Sandebekken,Roger Blindingsvolden,,,2016-08-25 00:00:00,"17 374,593","6 475 858,615"
Naturlig vandringshinder,"august 26, 2016",,"august 26, 2016",,Sandebekken tilløp,Roger Blindingsvolden,,,2016-08-25 00:00:00,"17 351,123","6 475 691,349"
Naturlig vandringshiner,"august 26, 2016",,"august 26, 2016",,Bekk Oftefdal,Roger Blindingsvolden,,,2016-08-26 00:00:00,"39 486,841","6 472 132,471"
Naturlig vandringshinder,"oktober 10, 2016",,"oktober 10, 2016",,Åptafossen,R.Blindingsvolden,,,2016-10-10 00:00:00,"18 520,402","6 479 471,276"
Foss/Naturlig Oppgangshinder. De neste hundre meterne nedstrøms burde produsert fisk - uvisst om fisk går forbi jordene på Kvåvik.,"oktober 17, 2016",,"oktober 17, 2016",,Kvåvikbekken,T.Mossmann,,,2016-10-17 00:00:00,"31 801,833","6 470 629,385"
Foss,"november 4, 2016",,"november 4, 2016",,Sævelibekken,Tormod Haraldstad,,,2014,"126 228,958","6 487 566,245"
"Foss i ur, ikke farbar for anadrom fisk","november 4, 2016",,"november 4, 2016",,Langebekken,Tormod Haraldstad,,,2016-10-01 00:00:00,"102 802,719","6 471 172,038"
Fisketrapp ved Justvik senter medfører at sjøørret kan gå opp i Hemningsvannet,"mars 6, 2017",,"mars 6, 2017",,Justvikbekken,Trond Johanson,,,2017-03-06 00:00:00,"90 518,521","6 473 288,017"
Fisketrapp vSenteret åpner opp for fiskevandring opp i Hemningsvann,"mars 6, 2017",,"mars 6, 2017",,Justvikbekken,Trond Johanson,,,2017-03-06 00:00:00,"90 306,263","6 470 396,108"
Myr,"april 1, 2017",,"april 1, 2017",,Kaddelandsbekken,Sjøørretklubben,,,2017-04-01 00:00:00,"59 015,361","6 463 182,99"
,"april 1, 2017",,"april 1, 2017",,Smelandsbekken,Sjøørretklubben,,,2017-04-01 00:00:00,"59 790,953","6 467 739,496"
,"mai 8, 2017",,"mai 8, 2017",,,,,,,"114 180,085","6 475 927,754"
"Kvastadelva/Skrubbura, elfisket, stor kulp med ca15 m elv før foss ca12 m høy, noe fisk, dårlige gyteforhold.","september 15, 2017",,"september 15, 2017",,Skrubbura,Kjetil og Anton Flakke,,,2017-05-30 00:00:00,"146 806,06","6 508 941,297"
foss,"oktober 20, 2017",,"oktober 20, 2017",,Føssa,Lundeelva elveeierlag,,,,"75 829,608","6 463 943,866"
Høy bratt foss. Ca.10m,"november 19, 2017",,"november 19, 2017",,Bakkeelva,Anton Flakke,,,,"−19 538,614","6 694 596,394"
"Naturlig bratt fall få meter fra sjø, ikke sansynlig at fisken kan ta seg forbi. Ellers en fin liten bekk","desember 10, 2017",,"desember 10, 2017",,Kjøstveitbekken,Kjetil Flakke,,,2016,"102 573,505","6 469 264,069"
Bratt foss ca 50m fra sjø (annet bilde viser veikulvert mot sjø),"desember 10, 2017",,"desember 10, 2017",,Åltjønnbekken,Kjetil Flakke,,,2016-03-01 00:00:00,"147 246,506","6 508 728,736"
Foss. Uavklart om Sjøørret kommer opp. Fisk gyter oppstrøms. Stort potensialområde,"februar 9, 2018",,"februar 11, 2018",,Eftevågbekken,Bengt Daatland,,,2018-02-10 00:00:00,"97 816,566","6 464 219,257"
,"februar 26, 2018",,"februar 26, 2018",,Vådnebekken/Urdalsbekken,"K.Bringsdal, R. Steinsvåg, A.Aas",,,2018-02-26 00:00:00,"59 315,622","6 465 548,587"
,"februar 26, 2018",,"februar 26, 2018",,Røyslandsbekken,"K.Bringsdal, R. Steinsvåg, A.Aas",,,2018-02-26 00:00:00,"63 358,464","6 464 726,392"
,"februar 26, 2018",,"februar 26, 2018",,Dalansbekken,"K.Bringsdal, R.Steinsvåg, A.Aas",,,2018-02-26 00:00:00,"63 347,219","6 466 637,349"
,"februar 26, 2018",,"februar 26, 2018",,Skjeggestadbekken,"S.E.Gabrielsen, B.Skår",,,2017-01-01 00:00:00,"64 332,27","6 495 278,685"
Golfbekken,"februar 26, 2018",,"februar 26, 2018",,,"K.Bringsdal, A.Aas",,,,"52 841,025","6 458 275,194"
Bekken stiger i Bratt Terreng,"desember 10, 2018",,"desember 10, 2018",,Lauvik2,Knut Ståle Eriksen,,,2018-12-08 00:00:00,"−15 336,692","6 562 592,529"
"Bekken stiger i bratt terreng, inn i rør","desember 10, 2018",,"desember 10, 2018",,Nothagen,Knut Ståle Eriksen,,,2018-12-08 00:00:00,"−19 166,543","6 566 391,953"
"Mulig vandringshinder ved gammel mølle, Kan utbedres med enkle terksler, og mindre hinder 20 m lenger opp, og terksling mulig tiltak","desember 10, 2018",,"desember 10, 2018",,Ersvikbekken,Knut Ståle Eriksen,,,2018-12-08 00:00:00,"−18 660,031","6 566 924,428"
"Naturlig bratt vandringshinder, Foss","desember 10, 2018",,"desember 11, 2018",,Høleåna,Ecofact,,,2010-08-03 00:00:00,"−17 049,748","6 562 396,241"
"Vandrngshinder, Foss, Bratt naturlighinder ved svarthølen.","desember 10, 2018",,"desember 10, 2018",,Frafjordelva,Knut Ståle Eriksen,,,2018-12-10 00:00:00,"2 472,903","6 555 504,493"
Naturlig vandringshinder ( Ur) Gyting sjøaure registrert i bekken opp til hinder,"desember 10, 2018",,"desember 10, 2018",,,Knut Ståle Eriksen,,,2018-12-10 00:00:00,"2 682,916","6 563 742,311"
"Vandringshinder, Foss","desember 10, 2018",,"desember 10, 2018",,Vindøla,Knut Ståle Eriksen,,,2018-12-10 00:00:00,"−585,687","6 564 196,073"
"Naturlig hinder, Foss","desember 10, 2018",,"desember 10, 2018",,Torfridsbekken,Knut Ståle Eriksen,,,2018-12-10 00:00:00,"−367,405","6 563 417,534"
"Naturlig bratt vandringshinder, terreng","desember 11, 2018",,"desember 11, 2018",,Giljabekken,Knut Ståle Eriksen,,,2018-12-11 00:00:00,"−1 684,371","6 555 088,765"
,"desember 12, 2018",,"desember 12, 2018",,Foren,Knut Ståle Eriksen,,,2018-12-12 00:00:00,"−555,384","6 589 135,251"
Elva går inni bratt steinur.,"desember 12, 2018",,"desember 12, 2018",,Tusso,Knut Ståle Eriksen,,,2018-12-12 00:00:00,"12 147,949","6 593 373,885"
Grunnvannsoppkomme,"desember 12, 2018",,"desember 12, 2018",,Rivelandskvitlen,Knut Ståle Eriksen,,,2018-12-12 00:00:00,"2 767,79","6 588 217,145"
,"desember 12, 2018",,"desember 12, 2018",,Sagbekken,Knut Ståle Eriksen,,,2018-12-12 00:00:00,"5 138,461","6 588 754,25"
Foss,"desember 12, 2018",,"desember 12, 2018",,Lyngsåna,Knut Ståle Eriksen,,,2018-12-12 00:00:00,"6 278,817","6 588 550,521"
"Stor blokk, Foss","desember 12, 2018",,"desember 12, 2018",,"Årdalselva , Storåna",Knut Ståle Eriksen,,,2018-12-12 00:00:00,"6 891,329","6 588 977,824"
Naturlig bratt tigning,"desember 13, 2018",,"desember 13, 2018",,Forsandåna,,,,,"−8 787,911","6 562 199,291"
,"desember 15, 2018",,"desember 15, 2018",,,,,,,"1 997,354","6 616 483,736"
"220 meter opp i vassdraget, kote 11.","desember 15, 2018",,"desember 15, 2018",,Tysseelva,"Faun Naturforvaltning, NVE",,,,"2 035,388","6 616 681,512"
Det er ikke oppvandringsmuligheter til Søråna fra Førrreåa,"desember 15, 2018",,"desember 15, 2018",,Søråna,Rågivande biologar,,,2014-2018 (rapportserie),"21 958,719","6 606 729,417"
"Vandringshinder etter 2,2 km","desember 15, 2018",,"desember 15, 2018",,Førreåa,Rådgivande biologar,,,2014-2018 (rapportserie),"22 262,329","6 607 036,665"
"Vandringshinderet i Ulla består av en røys med store steinblokker, som til sammen skaper et fall på rundt ti meter. Det er tidligere vurdert at relativt enkelt sprengningsarbeid kan åpne dette hinderet. Vil da øke anadrom strekning med 1,5 km .","desember 15, 2018",,"desember 15, 2018",,Ulla,Rådgivende biologer rapport,,,2014-2018,"14 912,189","6 611 953,294"
fjellstup så pass høyt at ikke fisk kommer opp. muligens noen individer klarer dette under meget høy vannstand,"desember 18, 2018",,"desember 18, 2018",,Aksneselva,Anbjørn Kallekodt,,,2018-12-18 00:00:00,"−46 366,342","6 621 541,456"
fritt frem ca 100 meter i bekk. etter dette mange mulige naturlige vandringshinder.,"desember 19, 2018",,"desember 19, 2018",,steinbrubekken,Anbjørn Kallekodt,,,2018-12-12 00:00:00,"−34 540,354","6 628 022,299"
fjellvegg fossefall.. er mulig for og gjøre store inngrep. eventuelt trapp,"desember 29, 2018",,"desember 29, 2018",,dalselva,Anbjørn Kallekodt,,,2018-12-29 00:00:00,"−30 842,448","6 627 587,864"
Vandringshinder p.g.a Synne flommen i 2015 la opp store mengder grus,"januar 24, 2019",,"januar 24, 2019",,Litlaåna,Knut Ståle Eriksen,,,2018-01-21 00:00:00,"−6 932,847","6 553 505,231"
,"mars 8, 2019",,"mars 8, 2019",,Svandalsfossen,,,,,"9 725,684","6 641 877,068"
,"mars 12, 2019",,"mars 12, 2019",,Mollaelva,,,,,"11 162,621","6 636 740,175"
Naturlig vandringshinder,"mai 29, 2019",,"mai 29, 2019",,Riskedalsåna,Knut Ståle Eriksen,,,2019-05-20 00:00:00,"−1 613,37","6 590 929,867"
Bratt terreng og vanskelig oppvandring,"juli 31, 2019",,"juli 31, 2019",,Puntåna,Knut Ståle Eriksen,,,2019-07-29 00:00:00,"−4 210,279","6 599 476,842"
"Fossefall ca +/-5 m flere trinn, mulig med trappeløsning","september 1, 2019",,"september 1, 2019",,,Knut Ståle Eriksen,,,2019-09-01 00:00:00,"−20 034,378","6 582 702,556"
Steiner i bekkeløpet,"oktober 12, 2019",,"oktober 12, 2019",,Galtavigåbekken,"Simon Darre, Jens Holing",,,2019-10-06 00:00:00,"−23 161,429","6 571 869,749"
Sprang på 2 meter,"oktober 12, 2019",,"oktober 12, 2019",,Galtavigåbekken,"Simon Darre, Jens Holing",,,2019-10-06 00:00:00,"−23 146,546","6 571 844,117"
"Foss, med fall på 2 - 3 meter","oktober 13, 2019",,"oktober 13, 2019",,Støldvig Bekken,"Simon Darre, Jens Holing",,,2019-10-06 00:00:00,"−24 282,768","6 571 462,868"
Foss ca 3-4 meter fall,"oktober 19, 2019",,"oktober 19, 2019",,Daleåna,"Oddvar vermedal, Knut Ståle Eriksen",,,2019-10-19 00:00:00,"−30 391,1","6 565 565,625"
"Vandringshinder, Stein, må lage oppsrangsdybde, brukke trestokker","oktober 19, 2019",,"oktober 19, 2019",,Gramstadbekken,"Oddvar Vermedal, Knut Ståle Eriksen",,,2019-10-19 00:00:00,"−30 952,928","6 563 340,64"
"Høyt sprang , kan løses med flytting av stein","oktober 19, 2019",,"oktober 19, 2019",,Gramstadbekken,"Oddvar Vermedal, Knut Ståle Eriksen",,,2019-10-19 00:00:00,"−30 837,172","6 563 388,265"
"Bratt steinur, ikke passerbar , 2 m fall","oktober 20, 2019",,"oktober 20, 2019",,Bekk ved Grønnevik,Knut Ståle Eriksen,,,2019-10-20 00:00:00,"−28 026,961","6 568 286,87"
"Mnge naturlige sprang, natulige vandringshindre en serie","oktober 20, 2019",,"oktober 20, 2019",,,Knut Ståle Eriksen,,,2019-10-20 00:00:00,"−27 957,177","6 568 359,299"
,"oktober 20, 2019",,"oktober 20, 2019",,,Knut Ståle Eriksen,,,2019-10-20 00:00:00,"−28 059,703","6 568 254,458"
,"oktober 20, 2019",,"oktober 20, 2019",,,,,,,"−27 650,425","6 567 672,87"
"Fosseparti, flere naturlige sprang, må evaluere om auren kommer videre","oktober 20, 2019",,"oktober 20, 2019",,Liåna,Knut Ståle Eriksen,,,2019-10-20 00:00:00,"−27 649,763","6 567 673,531"
"Bratt Terreng, Foss med flere høye trinn, langvarig stigning","oktober 20, 2019",,"oktober 20, 2019",,Bekk ved Nedre Li,Knut Ståle eriksen,,,2019-10-20 00:00:00,"−27 256,195","6 567 824,344"
"naturlig hinder, mest sannsynlig passerbar, men kan utbedres, dypere oppsprang.","oktober 20, 2019",,"oktober 20, 2019",,Bekk ved Nedre Li,Knut Ståle Eriksen,,,2019-10-20 00:00:00,"−27 273,393","6 568 012,529"
"Bekken er ledete om ? , 'Nyt't løp er vandringshinder, sideløpet kan enkelt åpnes, trrær og mudder og gir lett passasje","oktober 22, 2019",,"oktober 22, 2019",,Liåna,Knut Ståle Eriksen,,,2019-10-20 00:00:00,"−27 551,206","6 567 818,722"
Foss vertikal fall 3-5 meter + flere trinn > 10 m fall totalt,"oktober 23, 2019",,"oktober 23, 2019",,Lauvikbekken,"Trond Askildsen, Carl Henrik, Knut Ståle Eriksen",,,2019-10-21 00:00:00,"−14 781,066","6 562 036,737"
"Terreng, serie med bratte trinn/kulper/fosseparti","november 23, 2019",,"november 23, 2019",,Bekk ved Hamn,Knut Ståle Eriksen,,,2019-11-23 00:00:00,"−10 931,867","6 568 036,011"
,"november 24, 2019",,"november 24, 2019",,,,,,,"5 010,748","6 607 223,697"
Naturlig vandringshinder,"desember 1, 2019",,"desember 1, 2019",,Eidane,,,,,"−3 890,133","6 568 757,994"
,"desember 6, 2019",,"desember 6, 2019",,,,,,,"−21 348,379","6 593 968,193"
"Sidebekken fra Bonjeåsmyra holder fisk opp til fossen, ca 45meter fra hovedbekken.","desember 9, 2019",,"desember 9, 2019",,"Bergsvannbekken, sidebekk fra Bonjeåsmyra",Kjetil Flakke,,,2019-12-09 00:00:00,"109 929,472","6 471 135,557"
"Fosseparti, ca 5 m stigning over flere fall","desember 14, 2019",,"desember 14, 2019",,Rossavigå,Knut Ståle Eriksen,,,2019-12-14 00:00:00,"−10 274,21","6 559 694,178"
naturlig vandringhinder - foss,"januar 7, 2019",fmteiki_fmagol,"januar 7, 2019",fmteiki_fmagol,Herregårdsbekken,Irvin Kilde,,,2019-01-07 00:00:00,"197 813,897","6 565 844,12"
"Foss i gjel, trolig naturlig","oktober 10, 2019",fmteiki_fmagol,"oktober 10, 2019",fmteiki_fmagol,Sembekken,,,,,"192 867,111","6 579 259,209"
Foss,"oktober 10, 2019",fmteiki_fmagol,"oktober 10, 2019",fmteiki_fmagol,Fossjordbekken,,,,,"197 051,039","6 571 064,202"
,"oktober 10, 2019",fmteiki_fmagol,"oktober 10, 2019",fmteiki_fmagol,Lidbekken,,,,,"197 333,429","6 570 051,982"
,"oktober 10, 2019",fmteiki_fmagol,"oktober 10, 2019",fmteiki_fmagol,Aaltvedtbekken,,,,,"196 770,926","6 569 167,562"
Foss,"oktober 25, 2019",fmteiki_fmagol,"oktober 25, 2019",fmteiki_fmagol,Markebobekken,Irvin Kilde,,,,"243 645,045","6 585 229,756"
Røsfossen. Vandringshinder,"desember 15, 2019",,"desember 15, 2019",,Leksa,KJU,,,,"297 549,099","7 039 681,073"
"Sidebekken går inn i myrdrag, mulig oppvekstområde,","desember 22, 2019",Knut Ståle Eriksen,,,Lauvikbekken,,,,,"−14 571,565","6 561 800,705"
Foss 4m,,,,,Kvernviksbekken,,,,,"−24 227,864","6 595 324,421"
"Vandringshinder, naturlig sprang ved gammel mølle, Grunneier oppga aure passerer på riktig vannføringog går opp til hytte oppstrøms",,,,,Ersvikbekken,"Knut Ståle Eriksen, Trond Askildsen",,,2019-12-29 00:00:00,"−19 397,575","6 567 649,414"
Fossestryk og gammel oppdemming,,,,,Bergsvikbekken,Knut Ståle Eriksen,,,2019-12-29 00:00:00,"−15 943,433","6 570 667,903"
"Foss, i trang kløft, mest sannsynlig vandringshinder",,,,,Ballarviga,"Knut Ståle Eriksen, Kjetil Østbø",,,2020-01-04 00:00:00,"−36 216,675","6 586 697,385"
"Fossefall > 10 m bratt terreng, absolutt vandringhsinder",,,,,Ukjent,"Kjetil Østbø, Knut Ståle Eriksen",,,2020-01-04 00:00:00,"−36 570,556","6 588 163,014"
Bratt terreng,,Christian Hagstrøm,,,,,,,,"196 972,531","6 553 199,64"
Naturlig vandringshinder,,,,,Falkumelva/Bliva/Bøelva,Irvin Kilde,,,,"185 465,219","6 587 322,173"
"Omnesfossen, delvis vandringshinder (Merk: radiomerket laks funnet oppstrøms 2021)",,Irvin Kilde,,,Heddøla,Irvin Kilde,,,,"161 489,006","6 623 333,719"
"Bratt, ca. plassering",,,,,Versvikbekken,Irvin Kilde,,,,"194 119,1","6 563 564,072"
Bekkelukking,,,,,Øhrebekken,,,,,"238 473,978","6 574 834,98"
Stor foss 100% vandringshinder,,,,,,,,,,"214 218,483","6 553 937,769"
,,,,,Møllebekken,,,,,"214 218,483","6 553 937,769"
"Nilsafossen, blanskurt, bratt berg. Vandringshinder","januar 10, 2020",Pål Tengesdal,,,Oldelva,,,,,"252 823,753","7 090 949,718"
Naturlig vandringshinder,,,,,Hjertåsbekken,,,,,"227 369,718","6 567 672,118"
"Sjøaure observert til hit, info fra Jan Hamre Grunneier",,,,,Ersvikbekken,Knut Ståle Eriksen,,,2020-01-02 00:00:00,"−19 588,076","6 567 725,399"
Vandringshinder bratt terrenfg ( mest sannsynlig full stopp),,,,,Riskaåna,Knut Ståle Eriksen,,,2019-10-20 00:00:00,"−26 306,521","6 567 227,982"
,,,,,,Knut Ståle Eriksen,,,2020-01-25 00:00:00,"−15 604,931","6 571 671,865"
,,,,,,,,,,"270 977,712","7 042 455,669"
,,,,,,,,,,"−55 922,385","6 608 937,643"
,,,,,,,,,,"91 139,382","6 931 169,927"
,,,,,Veia,,,,,"218 252,378","6 632 801,239"
,,,,,,,,,,"213 207,664","6 637 153,591"
,,,,,,,,,,"215 531,505","6 650 735,633"
,,,,,Bingselkva,,,,,"215 531,505","6 650 735,633"
,,,,,Krokstadbekken,,,,,"219 063,648","6 635 954,179"
,,,,,,,,,,"223 806,261","6 635 446,999"
,,,,,Sandakerelva,,,,,"231 168,306","6 635 925,473"
,,,,,Bergfløttbekken,,,,,"232 041,406","6 638 381,737"
,,,,,Asdøla,,,,,"236 980,817","6 646 985,21"
,,,,,Glitra,,,,,"231 927,265","6 645 366,804"
,,,,,Sætreelva,,,,,"247 966,308","6 624 113,743"
,,,,,Grytnesbekken,,,,,"248 764,084","6 623 646,004"
,,,,,,,,,,"237 577,19","6 582 596,073"
,,,,,,,,,,"237 577,19","6 582 596,073"
,,,,,Nærsnesbekken,,,,,"247 435,085","6 632 922,461"
,,,,,Nærsnesbekken Vest,,,,,"247 249,876","6 633 187,045"
,,,,,,,,,,"247 910,45","6 630 046,103"
,,,,,Grønsandbekken,,,,,"252 228,591","6 621 418,526"
,,,,,,,,,,"252 228,591","6 621 417,428"
,,,,,Sundbybekken,,,,,"252 312,892","6 619 942,396"
,,,,,Elgtonbekken,,,,,"252 513,053","6 615 820,917"
,,,,,,,,,,"242 376,051","6 607 652,751"
,,,,,,,,,,"243 557,703","6 612 543,075"
,,,,,Knivsbekken,,,,,"243 557,703","6 612 543,075"
,,,,,Selvikbekken,,,,,"242 512,253","6 620 500,514"
,,,,,Grimsrudbekken,,,,,"242 792,601","6 625 348,701"
,,,,,,,,,,"241 873,556","6 626 166,027"
,,,,,,,,,,"239 737,445","6 628 990,049"
,,,,,,,,,,"236 864,79","6 630 129,854"
,,,,,,,,,,"236 864,79","6 630 129,854"
,,,,,,,,,,"213 959,732","6 638 495,133"
,,,,,,,,,,"10 912,987","6 644 114,068"
"Vannverksdam, men også naturlig vandringshinder",,Irvin Kilde,,,Rutua,,,,,"197 939,66","6 563 447,571"
Fosser og stryk starter frå flomål.,,,,,,Jarle Lunde,,,2020-10-31 00:00:00,387.847,"6 611 591,027"
Se skjema,,,,,,,,,,206.276,"6 611 601,115"
Naturlig fall fra berg,"november 9, 2020",Sven-Kato Ege,,,Klovningbekken,Sven-Kato Ege,,,2026-11-08 00:00:00,"−39 797,459","6 620 208,967"
,,,,,,,,,,"−35 224,936","6 524 837,828"
,,,,,,,,,,"−35 224,936","6 524 837,828"
myrområde,,,,,dybingen,Arnt Even Tjensvoll,,,,"−35 224,936","6 524 837,828"
,,,,,,,,,,"−40 261,938","6 533 237,882"
Fossefall over berg nær utløp til sjø,"november 12, 2020",Sven-Kato Ege,,,Labbavikbekken,,,,2020-11-12 00:00:00,"−43 367,656","6 612 119,095"
"Naturlig vandringshinder, fossefall",,Irvin Kilde,,,Grønsteinbekken,,,,,"188 781,799","6 582 329,323"
Foss,,Irvin Kilde,,,Ønnabekken,,,,,"197 193,756","6 569 892,313"
Foss,,,,,,Knut Ståle Eriksen,,,,"−19 196,822","6 585 664,02"
Foss,,,,,,Knut Ståle Eriksen,,,,"−19 212,036","6 585 678,241"
Foss/stryk,,,,,,Knut Ståle Eriksen,,,,"−19 290,419","6 585 686,179"
Fossefall - skal endres av forening slik at ørret kan passere,"september 17, 2020",Ole-Håkon Heier,,Ole-Håkon Heier,Strupebekken - Remmenbekken,Ole-Håkon Heier,,,,"291 587,747","6 560 919,314"
Fossefall - skal modifiseres noe av JF-foreningen,"august 12, 2020",Ole-Håkon Heier,,,Slevikbekken - Åsheimenga,,,,,"261 490,782","6 569 573,842"
,,,,,,,,,,"−20 729,755","6 573 614,044"
Vandringshinder,,Jonas Dahl Torp,"april 21, 2021",,,,,,,"252 162,117","6 612 002,528"
Vandringshinder,,,,,,,,,,"245 037,247","6 609 379,153"
Naturlig vandringshinder 200 m oppstrøms hytte,"april 21, 2021",Terje Wivestad - Statsforvalteren i Oslo og Viken,,,Bonnbekken,,,,,"259 072,787","6 627 322,914"
Vandringshinder,,,,,,,,,,"243 122,993","6 609 847,225"
Vandringshinder,,,,,,,,,,"243 174,085","6 621 657,61"
Vandringshinder,,,,,,,,,,"233 613,821","6 628 022,365"
Vandringshinder,,,,,,,,,,"239 253,573","6 622 984,348"
Vandringshinder,,,,,,,,,,"239 862,888","6 616 097,845"
Vandringshinder,,,,,,,,,,"239 392,221","6 614 135,742"
Vandringshinder,,,,,,,,,,"238 776,061","6 609 751,322"
Naturlig vandringshinder opp mot kulvert - mulig det går opp fisk her på høy vannføring,"april 21, 2021",,,Terje Wivestad - Statsforvalteren i Oslo og Viken,Ljanselva,,,,,"264 671,146","6 642 105,659"
Naturlig vandringshinder ved Dronningsfossen. Fiske passasje i kulvert under Engebrets vei,"april 21, 2021",Terje Wivestad - Statsforvalteren i Oslo og Viken,,,Hoffselva,,,,,"258 502,869","6 651 595,955"
,"april 21, 2021",Terje Wivestad - Statsforvalteren i Oslo og Viken,,,Stamnesbekken,,,,,"256 468,881","6 610 141,617"
,"april 21, 2021",Terje Wivestad - Statsforvalteren i Oslo og Viken,,,Stamnesbekken,,,,,"256 871,048","6 609 890,262"
,"april 21, 2021",Terje Wivestad - Statsforvalteren i Oslo og Viken,,,Stamnesbekken,,,,,"257 516,633","6 609 419,303"
Naturlig vandringshinder,"april 21, 2021",Terje Wivestad - Statsforvalteren i Oslo og Viken,,,Emmerstadbekken (Møla),,,,,"255 043,509","6 613 274,853"
,"april 21, 2021",Terje Wivestad - Statsforvalteren i Oslo og Viken,,,Havsjødalsbekken,,,,,"256 054,054","6 628 054,551"
Foss,"april 21, 2021",Terje Wivestad - Statsforvalteren i Oslo og Viken,,,Solvikbekken (Hasla),,,,,"258 798,981","6 633 742,029"
Foss eller stryk,"juni 11, 2021",Kristian Julien,,,Kvamsbekken,Arne Jørgen Kjøsnes,,,,"266 667,494","7 027 875,953"
foss,"august 3, 2021",Jonas Dahl Torp,,,Rustanbekken,,,,,"244 554,022","6 653 346,994"
foss,"august 3, 2021",Jonas Dahl Torp,,,Øverlandelva,,,,,"251 823,403","6 649 497,803"
foss,"august 3, 2021",Jonas Dahl Torp,,,Lomma,,,,,"247 697,43","6 649 963,003"
Bratt,,Irvin Kilde,,,Kokkersvollbekken,Ingar Aasestad,,,,"201 832,317","6 561 637,793"
Fossestryk,,Irvin Kilde,,,Trosbybekken,,,,,"190 357,669","6 547 654,186"
"Foss, vertikal vegg.",,Irvin Kilde,,,Litjennbekken,,,,,"170 513,88","6 537 337,235"
Antatt vandringshinder,,Irvin Kilde,,,Stølebekken/Stavsengbekken,,,,,"175 498,846","6 534 058,87"
Foss,,Irvin Kilde,,,Nystrandbekken/Øvallsbekken,,,,,"196 557,609","6 564 164,301"
Antatt vandringshinder.,,Irvin Kilde,,,Finmarksbekken,,,,,"188 218,85","6 546 394,159"
Bratt,,Irvin Kilde,,,Kjærrabekkenq,,,,,"193 923,526","6 578 051,067"
Bratt stryk,,Sopp Soppesen,,,Soppebekken,,,,,"181 203,157","6 543 417,335"
Naturlig vandringhinder - foss,,Irvin Kilde,,,Numedalslågen,,,,,"217 219,638","6 603 336,587"
"Foss, anadrom stopp",,Irvin Kilde,,,Sagvikbekken,,,,,"182 406,171","6 546 751,538"
Naturlig foss,,Irvin Kilde,,,Fossnesbekken,,,,,"217 403,792","6 602 072,016"
,,,,,Solbergbekken,,,,,"254 941,503","6 616 500,607"
Ur og bekk lagt i rør,,,,,Ølberg 3,Knut Ståle Eriksen,,,2021-12-04 00:00:00,"−42 646,559","6 563 940,858"
"Naturlig foss, permanent vh",,,,,Vigdelvika,Knut Ståle eriksrn,,,2021-12-04 00:00:00,"−43 638,914","6 562 949,247"
"Foss, permanent",,,,,Grannesbekken,Knut Ståle eriksen,,,2021-12-10 00:00:00,"−34 112,159","6 568 897,258"
Naturlig vandringshinder,"november 7, 2021",,,,,Trond Austrheim,,,2021-11-07 00:00:00,"−15 922,248","6 530 428,429"
,,,,,,Trond Austrheim,,,2021-11-07 00:00:00,"−15 907,667","6 531 226,616"
,,,,,Øygardsbekken,Trond Austrheim,,,,"−16 045,339","6 532 392,637"
,,,,,Lurabekken,Trond Austrheim,,,2022-01-09 00:00:00,"−13 159,977","6 533 767,142"
Naturlig vandringshinder,,,,,Hustoftbekken,Trond Austrheim,,,2021-01-08 00:00:00,"−19 838,973","6 527 707,24"
"Vandringshinder, natulig , er en serie med fossefall med vertikalt sprang.",,,,,Askjebekken,Kjetil Østbø,,,2021-04-01 00:00:00,"−28 208,855","6 585 005,142"
Foss 2 m sprang vertikalt,,,,,,Knut Ståle Eriksen,,,,"−9 660,827","6 596 834,754"
,,,,,,,,,,"−22 453,949","6 570 912,65"
,,,,,,,,,,"−22 459,902","6 570 865,686"
"Naturlig sprang, lav vannføring Mest sannsynlig permanent",,,,,Ukjent Kodavågen,Knut Ståle Eriksen,,,2021-12-09 00:00:00,"−34 912,034","6 587 982,521"
,,,,,,Trond Austrheim,,,2022-01-29 00:00:00,"−20 295,837","6 525 745,201"
Vandringsbarriere. Bratt fjellområde med naturlige hindringer,,,,,Kvernbekken (oppstrøms Årdalsbekken),Trond Austrheim,,,2022-01-30 00:00:00,"−14 168,547","6 528 004,83"
Sannsynlig vandringshinder,,,,,kaldebekken,Trond Austrheim,,,,"−16 108,279","6 531 794,569"
Naturlig vandringshinder - permanent,,,"februar 4, 2022",Trine Salvesen Røyneberg,Stemmavatnetbekken,NORCE,,,2021-07-16 00:00:00,"−34 260,574","6 520 224,659"
Temporært vandringshinder - foss,,,,,Stemmavatnetbekken,,,,,"−34 568,649","6 520 143,868"
Vandringshinder - permanent,,,"februar 4, 2022",Trine Salvesen Røyneberg,Rangåa,NORCE,,,2021-07-14 00:00:00,"−19 835,96","6 506 773,365"
Permanent vandringshinder,,,"februar 4, 2022",Trine Salvesen Røyneberg,Stølleviksbekken,NORCE,,,2021-07-14 00:00:00,"−11 153,33","6 499 900,441"
Permanent vandringshinder,,,"februar 4, 2022",Trine Salvesen Røyneberg,Rekedalsbekken,NORCE,,,2021-07-14 00:00:00,"−10 862,288","6 502 036,295"
Permanent vandringshinder,,,"februar 4, 2022",Trine Salvesen Røyneberg,Laksedalsbekken,NORCE,,,2021-07-14 00:00:00,"−5 295,638","6 497 910,004"
Vandringsbarriere (ikke bare hinder) som angir maksimal anadrom strekning (anadrom strekning kan være begrenset lenger nedstrøms),,,,,Intredalsbekken,Trond Austrheim,,,,"−15 555,404","6 528 070,397"
Øvre vandringshinder (sannsynlig barriere),,,,,Åleåna,Trond Austrheim,,,2022-03-05 00:00:00,"−15 336,995","6 527 181,807"
,,,,,,,,,,"−18 020,214","6 533 526,157"
Ender i myr/oppkomme,,,,,Storesvelabekken,Trond Austrheim,,,2022-02-05 00:00:00,"−18 020,214","6 533 526,157"
Vandringsbarriere. Naturlig bratt fossestryk,,,,,Kvernbekken,Trond Austrheim,,,2022-01-30 00:00:00,"−14 232,925","6 528 060,784"
Sannsynlig øvre oppgangshinder/barriere. Egnet for utlegg av gytegrus,,,,,Svelabekken,Trond Austrheim,,,2022-03-05 00:00:00,"−18 212,984","6 532 833,816"
Øvre vandringsbarriere! Fosser med svære blokker. Naturlige vandringshinder,,,,,Rangåni,Trond Austrheim,,,2022-03-27 00:00:00,"−17 185,819","6 524 859,837"
Ur med blokker og stor Stein som gjør vandring vanskelig,,,,,Saglandsbekken,Trond Austrheim,,,2022-03-27 00:00:00,"−18 460,783","6 526 061,379"
"Sannsynlig vandringsbarriere laget av stor stein, røtter og erodert bredd",,,,,Vinninglandbekken,Trond Austrheim,,,2022-04-15 00:00:00,"−19 206,165","6 525 713,12"
Sannsynlig vandringsbarriere. Ingen fisk observert oppstrøms,,,,,Sempermyrbekken,Trond Austrheim,,,2022-04-15 00:00:00,"−20 045,64","6 524 631,303"
Fossestryk,,,,,Liabekken,Trond Austrheim,,,2022-04-17 00:00:00,"−18 796,308","6 529 506,756"
Foss -naturlig vandringshinder,,,,,Liabekken,Trond Austrheim,,,2022-04-17 00:00:00,"−18 488,278","6 530 025,293"
Storeblokker/ur i bratt terreng,,,,,Eikelibekke,Trond Austrheim,,,2022-04-30 00:00:00,"−25 603,39","6 522 789,799"
Stryk med store blokker. Sannsynlig vandringshinder,,,,,Kvednabekken,Trond Austrheim,,,2022-05-22 00:00:00,"−23 737,081","6 521 229,085"
Vandringshinder 2 fossefall ved mølle (kulturminne),,,,,breivikbekken,Knut Ståle Eriksen,,,2022-06-09 00:00:00,"−20 967,55","6 569 664,137"
,,,,,,,,,,"41 773,826","6 482 430,018"
,,,,,Krossmyrbekken - Fossefall,"Mathias Sæstad, Tor Helge Reber",,,2022-10-24 00:00:00,"143 748,454","6 505 546,087"
,,,,,Missisipibekken,Knut Ståle Eriksen,,,2023-01-14 00:00:00,"−34 580,059","6 575 357,982"
Bekken renner over berg med påfølgende fossefall,"mars 12, 2023",Sven-Kato Ege,,,Utløpsbekk fra Grønnestadvatnet,Sven-Kato Ege,,,2022-03-15 00:00:00,"−47 300,951","6 603 565,91"
Absolutt vandringshinder,,,,Trine Salvesen Røyneberg,,Rådgivende Biologer,,,,"−6 068,301","6 499 985,696"
Naturlig vandringshinder,,,,Trine Salvesen Røyneberg,Bekk fra Årstadtjørna,Rådgivende Biologer,,,,"−7 430,041","6 499 084,236"
Absolutt naturlig vandringshinder,,,,Trine Salvesen Røyneberg,Bekk fra Øvre Lauvås,Rådgivende Biologer,,,,"−8 367,661","6 498 401,059"
Absolutt naturlig vandringshinder,,,,Trine Salvesen Røyneberg,Ostervikbekken,Rådgivende Biologer,,,,"−12 481,94","6 498 739,947"
Absolutt naturlig vandringshinder,,,,Trine Salvesen Røyneberg,Nordfjordsbekken,Rådgivende Biologer,,,,"−12 251,752","6 499 539,431"
Absolutt naturlig vandringshinder,,,,Trine Salvesen Røyneberg,Nåvatnsbekken,Rådgivende Biologer,,,,"−13 586,357","6 500 204,418"
Absolutt naturlig vandringshinder,,,,Trine Salvesen Røyneberg,Sørildsbuktbekken,Rådgivende Biologer,,,,"−13 895,038","6 500 409,14"
Naturlig absolutt vandringshinder,,,,Trine Salvesen Røyneberg,Sandenbekken,Rådgivende Biologer,,,,"−14 325,318","6 501 032,952"
Naturlig absolutt vandringshinder,,,,Trine Salvesen Røyneberg,Råtjørnbekken,Rådgivende Biologer,,,,"−15 608,77","6 500 895,589"
Naturlig absolutt vandringshinder,,,,Trine Salvesen Røyneberg,Råtjørnbekken,Rådgivende Biologer,,,,"−15 566,106","6 500 921,385"
Naturlig foss,,,,,Høylandsånå,Trond Austrheim,,,2023-05-19 00:00:00,963.145,"6 535 350,752"
"Foss, naturlig",,Irvin Kilde,,,Nybubekken,"Bjørn Tore Kjølholt og Bjørn Erik Lauritzen, 2022",,,,"173 837,473","6 530 742,503"
Stryk. Oppstrøms stryket går bekken i langt rør under jorde.,,,,,Govollsbekken,Lars Berg Holtan,,,2023-06-05 00:00:00,"61 366,853","6 467 598,258"
"Naturlig anadrom stopp i ""fossene mot Musekollen"". Kilde: M. Riksfjord og A. Aakre.",,Irvin Kilde,,,Gylna,,,,,"211 721,631","6 573 138,131"
Foss,"november 14, 2023",Silje Elvatun Sikveland,,,Henjaelvi,,,,,"63 101,547","6 810 868,238"
Stritt svaberg nede ved utløp. El-fisket stort område oppstrøms uten fangst.,"november 14, 2023",Silje Elvatun Sikveland - SFVL,,,Ytreelva,Silje Elvatun Sikveland,,,2017,"−25 504,777","6 809 487,441"
,"november 14, 2023",Silje Elvatun Sikveland - SFVL,,,Dalelva,Silje Elvatun Sikveland,,,2017,"−25 105,225","6 809 233,569"
,"november 17, 2023",Silje E. Sikveland - SFVL,,,Nordgulelven,Silje E. Sikveland,,,2017,"−28 524,626","6 803 498,249"
Stryk,"november 17, 2023",Silje E. Sikveland - SFVL,,,Elv fra Eidevatnet,Silje E. Sikveland,,,2017,"−29 945,233","6 828 137,419"
Endelig anadromt VH - foss,"november 17, 2023",Silje E. Sikveland - SFVL,,,Elv fra Teigevatnet,,,,2017,"−26 400,038","6 829 372,328"
Foss m/blokk. Absolutt vandringshinder,,,,,Holmabekken,Trond Austrheim,,,2025-05-09 00:00:00,"−10 183,413","6 535 716,123"
Store blokker,,,,,Skulebekken,,,,2024-05-11 00:00:00,"−16 212,978","6 541 755,832"
Hit ville laks/sjøørret ha stoppet om kraftverket på Byafossen ikke hadde begrenset leveområdet.,,Kristian Julien,,,Forneselva,,,,,"340 856,059","7 109 604,137"
"Foss, naturlig vandringhinder","juni 18, 2024",Ole Rugeldal Sandven,,,Nordvikelva,,,,,"−32 508,068","6 716 343,419"
Naturlig vandringshinder,"juni 18, 2024",,,,Breivikabekken,,,,,"−35 784,487","6 716 667,193"
Naturlig vandringshinder,,,,,Steinbekken,,,,,"−35 392,738","6 720 275,456"
Naturlig vandringshinder,"juni 18, 2024",Ole Rugeldal Sandven,,,Steinbekken,,,,,"−35 517,588","6 720 246,682"
"Foss, naturlig vandringshinder. Vassdraget undersøkt av NORCE 2010 og Biota 2023","juni 18, 2024",Ole Rugeldal Sandven,,,Grimseidvassdraget,,,,,"−35 313,122","6 723 207,086"
Sjøørret kan fritt vandre fra sjø til Mildevatnet,"juni 18, 2024",Ole Rugeldal Sandven,,,Vågelva,,,,,"−38 072,02","6 719 353,133"
Naturlig vandringshinder,,Ole Sandven,,,Lønningsbekken,,,,,"−39 033,916","6 722 973,489"
Foss - naturlig vandringshinder,,Ole Sandven,,,Kvernabekken Grimstad,,,,,"−38 990,4","6 726 761,203"
Foss - naturlig vandringshinder,,Ole Sandven,,,Søvikbekken,,,,,"−35 350,388","6 725 323,851"
Foss - naturligvandringshinder,,,,,"Steinsvikbekken, sidebekk",,,,,"−34 901,918","6 724 115,364"
Naturlig vandringshinder,"august 7, 2024",Ole Sandven,,,Steinsvikbekken,,,,,"−34 092,292","6 723 731,718"
Foss - naturlig vandringshinder,"august 7, 2024",Ole Sandven,,,Apeltunvassdragt,,,,,"−32 237,559","6 723 538,572"
Foss - naturlig vandringshinder,"august 7, 2024",Ole Sandven,,,Apeltunvassdraget,,,,,"−32 085,423","6 723 893,114"
Stryk/foss - naturlig vandringshinder,"august 7, 2024",Ole Sandven,,,Apeltunvassdraget,,,,,"−32 963,841","6 723 185,352"
Foss/stryk - naturlig vandringshinder,"august 7, 2024",Ole Sandven,,,Apeltunvassdraget,,,,,"−31 590,651","6 724 162,328"
"Foss - opprinnelig, naturlig vandringshinder","august 7, 2024",Ole Sandven,,,Fjøsangerbekken,,,,,"−30 452,689","6 731 195,172"
Naturlig vandringshinder,"august 7, 2024",Ole Sandven,,,Sælenelva,,,,,"−33 971,62","6 730 495,718"
"Opprinnelig naturlig vandringshinder, usikker plassering","august 7, 2024",Ole Sandven,,,Sælenelva,,,,,"−34 626,465","6 730 719,292"
"Opprinnelig, naturlig vandringshinder, usikker plassering","august 7, 2024",Ole Sandven,,,Sælenelva,,,,,"−34 016,599","6 731 096,324"
"Opprinnelig, naturlig vandringshinder, usikker plassering","august 7, 2024",Ole Sandven,,,Sælenelva,,,,,"−33 956,51","6 729 881,953"
Naturlig vandringshinder,"august 7, 2024",Ole Sandven,,,Kjerreidbekken,,,,,"−36 485,086","6 730 342,761"
Naturlig vandringshinder,"august 7, 2024",Ole Sandven,,,Kjerreidbekken,,,,,"−36 425,554","6 729 960,438"
Foss - naturlig vandringshinder,"august 7, 2024",Ole Sandven,,,Dalaelven,,,,,"−33 249,455","6 742 408,377"
Foss - naturlig vandringshinder,"august 7, 2024",Ole Sandven,,,Steinestøbekken,,,,,"−30 665,633","6 748 591,39"
Foss - naturlig vandringshinder,"august 7, 2024",Ole Sandven,,,Haukåselva,,,,,"−28 623,953","6 744 585,592"
Foss/stryk - naturlig vandringhinder,"august 7, 2024",Ole Sandven,,,Tunesbekken,,,,,"−22 127,593","6 737 777,339"
Foss - naturlig vandringshinder,"august 7, 2024",Ole Sandven,,,Kvernhuselva Krokeide,,,,,"−35 596,84","6 716 051,685"
Liten vannføring/bekk - naturlig vandringshinder,"august 7, 2024",Ole Sandven,,,Vågsbøbekken,,,,,"−36 880,183","6 722 467,293"
Stryk/høydeforskjell - naturlig vandringshinder,,,,,Damskjersbekken,,,,,"−40 824,249","6 738 304,876"
Foss - naturlig vandringshinder,"august 9, 2024",Ole Sandven,,,Kråkåsbekken,,,,,"−39 372,46","6 738 370,706"
Liten bekk - naturlig vandringshinder,"august 9, 2024",Ole Sandven,,,Kråkåsbekken,,,,,"−39 191,22","6 737 916,945"
Foss - naturlig vandringshinder,"august 9, 2024",Ole Sandven,,,Lonelva,,,,,"−40 126,964","6 741 640,079"
Liten bekk - naturlig vandringshinder,"august 9, 2024",Ole Sandven,,,Angeltveitvassdraget,,,,,"−49 696,216","6 735 872,323"
Liten bekk - naturlig vandringshinder,"august 9, 2024",Ole Sandven,,,Fjellvassdraget,,,,,"−47 311,622","6 731 803,417"
Naturlig vandringshinder,"august 9, 2024",Ole Sandven,,,Apalvågvassdraget,,,,,"−50 003,877","6 734 253,846"
Naturlig vandringshinder - Bekken blitt så liten av fisk ikke kan vandre lengre,"august 12, 2024",Ole Sandven,,,Skogevassdraget,,,,,"−46 179,027","6 718 463,349"
Naturlig vandringshinder - liten og bratt bekk,"august 12, 2024",Ole Sandven,,,Vikaelva,,,,,"−19 105,468","6 707 200,365"
Foss/stryk - naturlig vandringshinder,"august 12, 2024",Ole Sandven,,,Vikaelva,,,,,"−17 647,611","6 708 095,319"
Naturlig vandringshinder,"august 12, 2024",Ole Sandven,,,Aurebekken,,,,,"−29 388,533","6 705 656,355"
Foss/stryk - naturlig vandringshinder,"august 12, 2024",Ole Sandven,,,Lonaelva,,,,,"−23 911,651","6 712 010,489"
Foss - naturlig vandringshinder,"august 12, 2024",Ole Sandven,,,Alldalselvi,,,,,"−8 270,578","6 731 780,053"
Foss - naturlig vandringshinder,"august 12, 2024",Ole Sandven,,,Nordvikelva Samnanger,,,,,"−9 642,256","6 732 913,749"
Foss/styrk - naturlig vandringshinder,"august 12, 2024",Ole Sandven,,,Reistadelva,,,,,"−9 952,361","6 732 596,716"
Foss/stryk - naturlig vandringshinder,"august 12, 2024",Ole Sandven,,,Ådlandselva,,,,,"−10 781,922","6 732 156,432"
Foss - naturlig vandringshinder,"august 12, 2024",Ole Sandven,,,Ådlandselva,,,,,"−11 128,527","6 731 697,379"
Foss - naturlig vandringshinder,"august 12, 2024",Ole Sandven,,,Nordbøelva,,,,,"−14 792,352","6 731 039,888"
Foss - naturlig vandringshinder,"august 12, 2024",Ole Sandven,,,Bergsvatnetvassdraget Askøy,,,,,"−42 238,808","6 743 118,328"
Lite vann/foss - naturlig vandringshinder,"august 12, 2024",Ole Sandven,,,Davangervassdraget,,,,,"−41 420,748","6 744 425,207"
Foss - naturlig vandringshinder,"august 12, 2024",Ole Sandven,,,Davangervassdraget,,,,,"−41 360,224","6 744 489,534"
Liten bekk - naturlig vandringshinder,"august 12, 2024",Ole Sandven,,,Fauskangerbekken,,,,,"−46 236,095","6 751 654,573"
Foss - naturlig vandringshinder,"august 12, 2024",Ole Sandven,,,Sima,,,,,"72 937,152","6 732 771,353"
Naturlig vandringshinder,"august 12, 2024",Ole Sandven,,,Sima Sopphaugbekken,,,,,"70 338,939","6 732 833,531"
Absolutt vandringshinder,,,,,Idlå -øvre,Trond Austrheim,,,2025-01-19 00:00:00,"−7 568,527","6 536 589,501"
Foss -teoretisk passerbar men i praksis øvre grense for anadrom strekning,,,,,Idlå -øvre,Trond Austrheim,,,2025-01-19 00:00:00,"−7 794,746","6 536 937,429"
,,,,,,,,,,"237 125,905","6 580 076,174"
,,,,,,,,,,"237 030,655","6 579 965,049"
,,,,,,,,,,"237 067,697","6 580 017,966"
,,,,,,,,,,"237 057,113","6 579 996,799"
Delvis vandringshinder,,Irvin Kilde,,,Hjartdøla,,,,,"155 721,902","6 625 007,543"
Naturlig oppgangshinder i form av et ca. 1 meters fall.,"juli 6, 2026",Ingar Aasestad,"juli 6, 2026",Ingar Aasestad,Bekk ved Rød,,,,2026-07-03 00:00:00,"156 373,324","6 525 329,915"
Naturlig fossefall,"juli 8, 2026",Ingar Aasestad,,,Åbyelva,Ingar Aasestad ,,,2026-07-07 00:00:00,"192 544,592","6 550 843,104"
Bratt. Bekken forsvinner i blokkstein,,,,,"Åbyelva, sidebekke",,,,,"192 312,089","6 551 674,11"
Flåfjell. Er nok oppgangshinder enkelte år. Men grunneier har tidligere sett gytefisk ovenfor.,,,,,Åbyelva sidebekk,,,,,"192 303,681","6 551 589,269"
Foss med ca 4 meters loddrett fall rett ned for kulvert er naturlig oppgangshinder. Svært godt med årsyngel registrert hele veien nedenfor.,"juli 16, 2026",Ingar Aasestad - Asplan Viak,,,Steinsmyrbekken,,,,2026-07-14 00:00:00,"193 697,77","6 553 288,507"
bekken går tørr herfra og oppover,"juli 23, 2026",Ingar Aasestad - Asplan Viak,,,,,,,,"186 161,64","6 566 513,617"
Foss naturlig oppgangshinder,"august 16, 2026",Ingar Aasestad - Asplan Viak,,,Hauselva,,,,2026-03-05 00:00:00,"−18 612,832","6 739 907,193"
Foss er vandringshinder,"august 26, 2026",ingar Aasestad - Asplan Viak,,,,,,,,"192 091,791","6 566 984,346"
Foss,"august 26, 2026",Ingar Aasestad - Asplan Viak,,,Skjelbreidbekken,,,,2026-08-26 00:00:00,"186 827,146","6 573 364,131"
